MusicGen,Riffusion
17.791408268936323,24.050149122135227
